{
  "properties": {
    "connectionReferences": {
      "shared_commondataserviceforapps_1": {
        "runtimeSource": "embedded",
        "connection": {
          "connectionReferenceLogicalName": "ps_AIEITCXNDataverse"
        },
        "api": {
          "name": "shared_commondataserviceforapps"
        }
      }
    },
    "definition": {
      "$schema": "https://schema.management.azure.com/providers/Microsoft.Logic/schemas/2016-06-01/workflowdefinition.json#",
      "contentVersion": "1.0.0.0",
      "parameters": {
        "$connections": {
          "defaultValue": {},
          "type": "Object"
        },
        "$authentication": {
          "defaultValue": {},
          "type": "SecureObject"
        }
      },
      "triggers": {
        "manual": {
          "metadata": {
            "operationMetadataId": "d88c9586-30f0-46b1-93ce-46d083124e4d"
          },
          "type": "Request",
          "kind": "PowerAppV2",
          "inputs": {
            "schema": {
              "type": "object",
              "properties": {
                "text": {
                  "title": "CustomPrompt",
                  "type": "string",
                  "x-ms-dynamically-added": true,
                  "description": "Please enter your input",
                  "x-ms-content-hint": "TEXT"
                }
              },
              "required": [
                "text"
              ]
            }
          }
        }
      },
      "actions": {
        "Try": {
          "actions": {
            "Set_Succeed_to_Succeeded": {
              "runAfter": {
                "Set_EnhanceText": [
                  "Succeeded"
                ]
              },
              "metadata": {
                "operationMetadataId": "a67e1ac7-d53a-4d7f-8ad4-9fbe925a86bb"
              },
              "type": "SetVariable",
              "inputs": {
                "name": "Succeed",
                "value": "@true"
              }
            },
            "Run_a_prompt": {
              "runAfter": {},
              "metadata": {
                "operationMetadataId": "55bdd67c-14b9-49b6-a2a0-34bfe6d87413",
                "flowSystemMetadata": {
                  "portalOperationId": "aibuilderpredict_customprompt",
                  "portalOperationGroup": "aibuilder",
                  "portalOperationApiDisplayNameOverride": "AI Builder",
                  "portalOperationIconOverride": "https://content.powerapps.com/resource/makerx/static/pauto/images/designeroperations/aiBuilderNew.51dbdb6b.png",
                  "portalOperationBrandColorOverride": "#0A76C4",
                  "portalOperationApiTierOverride": "Standard"
                }
              },
              "type": "OpenApiConnection",
              "inputs": {
                "host": {
                  "connectionName": "shared_commondataserviceforapps_1",
                  "operationId": "aibuilderpredict_customprompt",
                  "apiId": "/providers/Microsoft.PowerApps/apis/shared_commondataserviceforapps"
                },
                "parameters": {
                  "recordId": "ea73a374-ab87-4442-beb7-bb6f95e0b443",
                  "item/requestv2/Text_20input": "@triggerBody()['text']"
                },
                "authentication": "@parameters('$authentication')"
              }
            },
            "Set_EnhanceText": {
              "runAfter": {
                "Run_a_prompt": [
                  "Succeeded"
                ]
              },
              "metadata": {
                "operationMetadataId": "277d0f67-f745-41b9-af8f-8140884b5edb"
              },
              "type": "SetVariable",
              "inputs": {
                "name": "EnhanceText",
                "value": "@outputs('Run_a_prompt')?['body/responsev2/predictionOutput/text']"
              }
            }
          },
          "runAfter": {
            "Initialize_ErrorMessage": [
              "Succeeded"
            ]
          },
          "metadata": {
            "operationMetadataId": "eda194d4-61c8-4723-b309-19d89ea5cd89"
          },
          "type": "Scope"
        },
        "Initialize_Succeed": {
          "runAfter": {
            "Initialize_EnhanceText": [
              "Succeeded"
            ]
          },
          "metadata": {
            "operationMetadataId": "31a89031-5c87-41a9-ab84-132d184779bf"
          },
          "type": "InitializeVariable",
          "inputs": {
            "variables": [
              {
                "name": "Succeed",
                "type": "boolean",
                "value": "@false"
              }
            ]
          }
        },
        "Initialize_ErrorMessage": {
          "runAfter": {
            "Initialize_Succeed": [
              "Succeeded"
            ]
          },
          "metadata": {
            "operationMetadataId": "e6f69d41-e7f2-403d-bd83-86e04d67763d"
          },
          "type": "InitializeVariable",
          "inputs": {
            "variables": [
              {
                "name": "ErrorMessage",
                "type": "string"
              }
            ]
          }
        },
        "Catch": {
          "actions": {
            "ComposeTryResult": {
              "runAfter": {},
              "metadata": {
                "operationMetadataId": "a0f7a2ff-b5b9-4ede-8991-298ac55c2637"
              },
              "type": "Compose",
              "inputs": "@result('Try')"
            },
            "Set_Error_Message": {
              "runAfter": {
                "Filter_Failed_Action": [
                  "Succeeded"
                ]
              },
              "metadata": {
                "operationMetadataId": "5d5e4e28-7f19-461a-82da-319010360235"
              },
              "type": "SetVariable",
              "inputs": {
                "name": "ErrorMessage",
                "value": "Action @{body('Filter_Failed_Action')[0]?['Name']} Failed : @{if(contains(body('Filter_Failed_Action')[0], 'error'),body('Filter_Failed_Action')[0]?['error']?['message'],body('Filter_Failed_Action')[0]?['outputs']?['body']?['message'])}"
              }
            },
            "Filter_Failed_Action": {
              "runAfter": {
                "ComposeTryResult": [
                  "Succeeded"
                ]
              },
              "metadata": {
                "operationMetadataId": "356cbee6-70a1-4506-9b50-d49d15a976f5"
              },
              "type": "Query",
              "inputs": {
                "from": "@outputs('ComposeTryResult')",
                "where": "@equals(item()?['Status'], 'Failed')"
              }
            }
          },
          "runAfter": {
            "Try": [
              "Failed",
              "TimedOut"
            ]
          },
          "metadata": {
            "operationMetadataId": "0d5db5e1-6d1b-4ea1-ad08-191df7fded53"
          },
          "type": "Scope"
        },
        "Finally": {
          "actions": {
            "Respond_to_a_Power_App_or_flow": {
              "runAfter": {},
              "metadata": {
                "operationMetadataId": "33c20dc1-feeb-4549-9834-593803626273"
              },
              "type": "Response",
              "kind": "PowerApp",
              "inputs": {
                "statusCode": 200,
                "body": {
                  "succeed": "@bool(variables('Succeed'))",
                  "errormessage": "@variables('ErrorMessage')",
                  "enhancedtext": "@variables('EnhanceText')"
                },
                "schema": {
                  "type": "object",
                  "properties": {
                    "succeed": {
                      "title": "Succeed",
                      "x-ms-dynamically-added": true,
                      "type": "boolean"
                    },
                    "errormessage": {
                      "title": "ErrorMessage",
                      "x-ms-dynamically-added": true,
                      "type": "string"
                    },
                    "enhancedtext": {
                      "title": "EnhancedText",
                      "x-ms-dynamically-added": true,
                      "type": "string"
                    }
                  }
                }
              }
            },
            "Terminate": {
              "runAfter": {
                "Respond_to_a_Power_App_or_flow": [
                  "Succeeded"
                ]
              },
              "metadata": {
                "operationMetadataId": "2f525fb9-0490-4e15-a52c-3f2ec7c06d0f"
              },
              "type": "Terminate",
              "inputs": {
                "runStatus": "@{if(variables('Succeed'), 'Succeeded', 'Failed')}",
                "runError": {
                  "message": "@variables('ErrorMessage')"
                }
              }
            }
          },
          "runAfter": {
            "Catch": [
              "Succeeded",
              "Skipped"
            ]
          },
          "metadata": {
            "operationMetadataId": "b9cce7e0-feae-4554-8861-d025257d3e7e"
          },
          "type": "Scope"
        },
        "Initialize_EnhanceText": {
          "runAfter": {},
          "metadata": {
            "operationMetadataId": "aae35ab3-6ffd-453f-87d5-5d6c5a24cacc"
          },
          "type": "InitializeVariable",
          "inputs": {
            "variables": [
              {
                "name": "EnhanceText",
                "type": "string"
              }
            ]
          }
        }
      }
    },
    "templateName": ""
  },
  "schemaVersion": "1.0.0.0"
}