{
  "properties": {
    "connectionReferences": {
      "shared_commondataserviceforapps_1": {
        "impersonation": {},
        "runtimeSource": "embedded",
        "connection": {
          "connectionReferenceLogicalName": "ps_CERSCXNDataverse"
        },
        "api": {
          "name": "shared_commondataserviceforapps"
        }
      },
      "shared_ps-5ffreecurrencyapi-5fa7f184252a2b65df_1": {
        "runtimeSource": "embedded",
        "connection": {
          "connectionReferenceLogicalName": "ps_CERSCXNFreeCurrencyAPI"
        },
        "api": {
          "name": "shared_ps-5ffreecurrencyapi-5fa7f184252a2b65df",
          "logicalName": "ps_5Ffreecurrencyapi"
        }
      }
    },
    "definition": {
      "$schema": "https://schema.management.azure.com/providers/Microsoft.Logic/schemas/2016-06-01/workflowdefinition.json#",
      "contentVersion": "1.0.0.0",
      "parameters": {
        "$connections": {
          "defaultValue": {},
          "type": "Object"
        },
        "$authentication": {
          "defaultValue": {},
          "type": "SecureObject"
        }
      },
      "triggers": {
        "manual": {
          "metadata": {
            "operationMetadataId": "d88c9586-30f0-46b1-93ce-46d083124e4d"
          },
          "type": "Request",
          "kind": "PowerAppV2",
          "inputs": {
            "schema": {
              "type": "object",
              "properties": {},
              "required": []
            }
          }
        }
      },
      "actions": {
        "Try": {
          "actions": {
            "Set_Succeed_to_Succeeded": {
              "runAfter": {
                "Apply_to_each_3": [
                  "Succeeded"
                ]
              },
              "metadata": {
                "operationMetadataId": "a67e1ac7-d53a-4d7f-8ad4-9fbe925a86bb"
              },
              "type": "SetVariable",
              "inputs": {
                "name": "Succeed",
                "value": "@true"
              }
            },
            "List_rows_-_Get_Default_Currency": {
              "runAfter": {},
              "limit": {
                "timeout": "PT5S"
              },
              "metadata": {
                "operationMetadataId": "5c9766d3-ab4c-4396-92ff-8c2b66bf88c8"
              },
              "type": "OpenApiConnection",
              "inputs": {
                "host": {
                  "connectionName": "shared_commondataserviceforapps_1",
                  "operationId": "ListRecords",
                  "apiId": "/providers/Microsoft.PowerApps/apis/shared_commondataserviceforapps"
                },
                "parameters": {
                  "entityName": "transactioncurrencies",
                  "$select": "isocurrencycode",
                  "$filter": "exchangerate eq 1"
                },
                "authentication": "@parameters('$authentication')",
                "retryPolicy": {
                  "type": "none"
                }
              }
            },
            "Apply_to_each": {
              "foreach": "@outputs('List_rows_-_Get_Default_Currency')?['body/value']",
              "actions": {
                "Set_BaseCurrency": {
                  "runAfter": {},
                  "metadata": {
                    "operationMetadataId": "12149524-7bcb-4120-9061-6a5f7375efd5"
                  },
                  "type": "SetVariable",
                  "inputs": {
                    "name": "BaseCurrency",
                    "value": "@items('Apply_to_each')?['isocurrencycode']"
                  }
                }
              },
              "runAfter": {
                "List_rows_-_Get_Default_Currency": [
                  "Succeeded"
                ]
              },
              "metadata": {
                "operationMetadataId": "c5841282-208b-4920-8e86-1183b2d1e232"
              },
              "type": "Foreach"
            },
            "List_rows_-_Get_Other_Currency": {
              "runAfter": {
                "Apply_to_each": [
                  "Succeeded"
                ]
              },
              "limit": {
                "timeout": "PT5S"
              },
              "metadata": {
                "operationMetadataId": "5c9766d3-ab4c-4396-92ff-8c2b66bf88c8"
              },
              "type": "OpenApiConnection",
              "inputs": {
                "host": {
                  "connectionName": "shared_commondataserviceforapps_1",
                  "operationId": "ListRecords",
                  "apiId": "/providers/Microsoft.PowerApps/apis/shared_commondataserviceforapps"
                },
                "parameters": {
                  "entityName": "transactioncurrencies",
                  "$select": "isocurrencycode, transactioncurrencyid",
                  "$filter": "exchangerate ne 1"
                },
                "authentication": "@parameters('$authentication')",
                "retryPolicy": {
                  "type": "none"
                }
              }
            },
            "Apply_to_each_2": {
              "foreach": "@outputs('List_rows_-_Get_Other_Currency')?['body/value']",
              "actions": {
                "Append_to_tempString": {
                  "runAfter": {},
                  "metadata": {
                    "operationMetadataId": "cbe6ba03-8f16-42ee-8cf4-b91965018abb"
                  },
                  "type": "AppendToStringVariable",
                  "inputs": {
                    "name": "tempString",
                    "value": "@{items('Apply_to_each_2')?['isocurrencycode']},"
                  }
                }
              },
              "runAfter": {
                "List_rows_-_Get_Other_Currency": [
                  "Succeeded"
                ]
              },
              "metadata": {
                "operationMetadataId": "3110a438-25f3-4a69-b950-b61aa6b50f83"
              },
              "type": "Foreach"
            },
            "Set_Currencies": {
              "runAfter": {
                "Apply_to_each_2": [
                  "Succeeded"
                ]
              },
              "metadata": {
                "operationMetadataId": "4e22002b-a355-45d8-96d8-aa62bf3a63fc"
              },
              "type": "SetVariable",
              "inputs": {
                "name": "Currencies",
                "value": "@{substring(variables('tempString'), 0, sub(length(variables('tempString')), 1))}"
              }
            },
            "Get_Latest_Exchange_Rates": {
              "runAfter": {
                "Set_Currencies": [
                  "Succeeded"
                ]
              },
              "limit": {
                "timeout": "PT10S"
              },
              "metadata": {
                "operationMetadataId": "af2ba7ac-8dbf-4e80-ad60-ba4a43c31e2b"
              },
              "type": "OpenApiConnection",
              "inputs": {
                "host": {
                  "connectionName": "shared_ps-5ffreecurrencyapi-5fa7f184252a2b65df_1",
                  "operationId": "latest",
                  "apiId": "/providers/Microsoft.PowerApps/apis/shared_ps-5ffreecurrencyapi-5fa7f184252a2b65df"
                },
                "parameters": {
                  "currencies": "@variables('Currencies')",
                  "base_currency": "@variables('BaseCurrency')"
                },
                "authentication": "@parameters('$authentication')",
                "retryPolicy": {
                  "type": "none"
                }
              }
            },
            "Apply_to_each_3": {
              "foreach": "@outputs('List_rows_-_Get_Other_Currency')?['body/value']",
              "actions": {
                "Set_NewRate": {
                  "runAfter": {},
                  "metadata": {
                    "operationMetadataId": "8bd19e7d-398b-4a89-a8a8-80ff21a6aac8"
                  },
                  "type": "SetVariable",
                  "inputs": {
                    "name": "NewRate",
                    "value": "@outputs('Get_Latest_Exchange_Rates')?['body']?['data']?[items('Apply_to_each_3')?['isocurrencycode']]"
                  }
                },
                "Add_a_new_row_to_Exchange_Rate": {
                  "runAfter": {
                    "Update_a_row_in_Currencies_Table": [
                      "Succeeded"
                    ]
                  },
                  "limit": {
                    "timeout": "PT5S"
                  },
                  "metadata": {
                    "operationMetadataId": "9e1010c7-3d4e-4c42-980d-eae1c15c2b25"
                  },
                  "type": "OpenApiConnection",
                  "inputs": {
                    "host": {
                      "connectionName": "shared_commondataserviceforapps_1",
                      "operationId": "CreateRecord",
                      "apiId": "/providers/Microsoft.PowerApps/apis/shared_commondataserviceforapps"
                    },
                    "parameters": {
                      "entityName": "ps_exchangerates",
                      "item/ps_TransactionCurrency@odata.bind": "@items('Apply_to_each_3')?['@odata.id']",
                      "item/ps_exchangerate1": "@items('Apply_to_each_3')?['isocurrencycode']",
                      "item/ps_exchangeratedate": "@utcNow()",
                      "item/ps_rate": "@variables('NewRate')"
                    },
                    "authentication": "@parameters('$authentication')",
                    "retryPolicy": {
                      "type": "none"
                    }
                  }
                },
                "Update_a_row_in_Currencies_Table": {
                  "runAfter": {
                    "Set_NewRate": [
                      "Succeeded"
                    ]
                  },
                  "limit": {
                    "timeout": "PT5S"
                  },
                  "metadata": {
                    "operationMetadataId": "4ee1129c-8ae4-407a-9151-ee95dd3c1a1e"
                  },
                  "type": "OpenApiConnection",
                  "inputs": {
                    "host": {
                      "connectionName": "shared_commondataserviceforapps_1",
                      "operationId": "UpdateOnlyRecord",
                      "apiId": "/providers/Microsoft.PowerApps/apis/shared_commondataserviceforapps"
                    },
                    "parameters": {
                      "entityName": "transactioncurrencies",
                      "recordId": "@items('Apply_to_each_3')?['transactioncurrencyid']",
                      "item/exchangerate": "@variables('NewRate')"
                    },
                    "authentication": "@parameters('$authentication')",
                    "retryPolicy": {
                      "type": "none"
                    }
                  }
                }
              },
              "runAfter": {
                "Get_Latest_Exchange_Rates": [
                  "Succeeded"
                ]
              },
              "metadata": {
                "operationMetadataId": "b187e3bc-6730-4b83-b70b-300182c18e74"
              },
              "type": "Foreach",
              "runtimeConfiguration": {
                "concurrency": {
                  "repetitions": 1
                }
              }
            }
          },
          "runAfter": {
            "Initialize_NewRate": [
              "Succeeded"
            ]
          },
          "metadata": {
            "operationMetadataId": "eda194d4-61c8-4723-b309-19d89ea5cd89"
          },
          "type": "Scope"
        },
        "Initialize_Succeed": {
          "runAfter": {
            "Initialize_tempString": [
              "Succeeded"
            ]
          },
          "metadata": {
            "operationMetadataId": "31a89031-5c87-41a9-ab84-132d184779bf"
          },
          "type": "InitializeVariable",
          "inputs": {
            "variables": [
              {
                "name": "Succeed",
                "type": "boolean",
                "value": "@false"
              }
            ]
          }
        },
        "Initialize_ErrorMessage": {
          "runAfter": {
            "Initialize_Succeed": [
              "Succeeded"
            ]
          },
          "metadata": {
            "operationMetadataId": "e6f69d41-e7f2-403d-bd83-86e04d67763d"
          },
          "type": "InitializeVariable",
          "inputs": {
            "variables": [
              {
                "name": "ErrorMessage",
                "type": "string"
              }
            ]
          }
        },
        "Catch": {
          "actions": {
            "ComposeTryResult": {
              "runAfter": {},
              "metadata": {
                "operationMetadataId": "a0f7a2ff-b5b9-4ede-8991-298ac55c2637"
              },
              "type": "Compose",
              "inputs": "@result('Try')"
            },
            "Set_Error_Message": {
              "runAfter": {
                "Filter_Failed_Action": [
                  "Succeeded"
                ]
              },
              "metadata": {
                "operationMetadataId": "5d5e4e28-7f19-461a-82da-319010360235"
              },
              "type": "SetVariable",
              "inputs": {
                "name": "ErrorMessage",
                "value": "Action @{body('Filter_Failed_Action')[0]?['Name']} Failed : @{if(contains(body('Filter_Failed_Action')[0], 'error'),body('Filter_Failed_Action')[0]?['error']?['message'],body('Filter_Failed_Action')[0]?['outputs']?['body']?['message'])}"
              }
            },
            "Filter_Failed_Action": {
              "runAfter": {
                "ComposeTryResult": [
                  "Succeeded"
                ]
              },
              "metadata": {
                "operationMetadataId": "356cbee6-70a1-4506-9b50-d49d15a976f5"
              },
              "type": "Query",
              "inputs": {
                "from": "@outputs('ComposeTryResult')",
                "where": "@equals(item()?['Status'], 'Failed')"
              }
            }
          },
          "runAfter": {
            "Try": [
              "Failed",
              "TimedOut"
            ]
          },
          "metadata": {
            "operationMetadataId": "0d5db5e1-6d1b-4ea1-ad08-191df7fded53"
          },
          "type": "Scope"
        },
        "Finally": {
          "actions": {
            "Respond_to_a_Power_App_or_flow": {
              "runAfter": {},
              "metadata": {
                "operationMetadataId": "33c20dc1-feeb-4549-9834-593803626273"
              },
              "type": "Response",
              "kind": "PowerApp",
              "inputs": {
                "statusCode": 200,
                "body": {
                  "succeed": "@bool(variables('Succeed'))",
                  "errormessage": "@variables('ErrorMessage')"
                },
                "schema": {
                  "type": "object",
                  "properties": {
                    "succeed": {
                      "title": "Succeed",
                      "x-ms-dynamically-added": true,
                      "type": "boolean"
                    },
                    "errormessage": {
                      "title": "ErrorMessage",
                      "x-ms-dynamically-added": true,
                      "type": "string"
                    }
                  }
                }
              }
            },
            "Terminate": {
              "runAfter": {
                "Respond_to_a_Power_App_or_flow": [
                  "Succeeded"
                ]
              },
              "metadata": {
                "operationMetadataId": "2f525fb9-0490-4e15-a52c-3f2ec7c06d0f"
              },
              "type": "Terminate",
              "inputs": {
                "runStatus": "@{if(variables('Succeed'), 'Succeeded', 'Failed')}",
                "runError": {
                  "message": "@variables('ErrorMessage')"
                }
              }
            }
          },
          "runAfter": {
            "Catch": [
              "Succeeded",
              "Skipped"
            ]
          },
          "metadata": {
            "operationMetadataId": "b9cce7e0-feae-4554-8861-d025257d3e7e"
          },
          "type": "Scope"
        },
        "Initialize_tempString": {
          "runAfter": {},
          "metadata": {
            "operationMetadataId": "aae35ab3-6ffd-453f-87d5-5d6c5a24cacc"
          },
          "type": "InitializeVariable",
          "inputs": {
            "variables": [
              {
                "name": "tempString",
                "type": "string"
              }
            ]
          }
        },
        "Initialize_BaseCurrency": {
          "runAfter": {
            "Initialize_ErrorMessage": [
              "Succeeded"
            ]
          },
          "metadata": {
            "operationMetadataId": "1db2c4d2-eb78-4422-b4a2-ed45ce1c50cc"
          },
          "type": "InitializeVariable",
          "inputs": {
            "variables": [
              {
                "name": "BaseCurrency",
                "type": "string"
              }
            ]
          }
        },
        "Initialize_Currencies": {
          "runAfter": {
            "Initialize_BaseCurrency": [
              "Succeeded"
            ]
          },
          "metadata": {
            "operationMetadataId": "fe88fbf2-2ddc-4140-adf5-655b0f471ee4"
          },
          "type": "InitializeVariable",
          "inputs": {
            "variables": [
              {
                "name": "Currencies",
                "type": "string"
              }
            ]
          }
        },
        "Initialize_NewRate": {
          "runAfter": {
            "Initialize_Currencies": [
              "Succeeded"
            ]
          },
          "metadata": {
            "operationMetadataId": "82d1df15-9c71-45f4-a5df-a482db4df60d"
          },
          "type": "InitializeVariable",
          "inputs": {
            "variables": [
              {
                "name": "NewRate",
                "type": "float"
              }
            ]
          }
        }
      }
    },
    "templateName": ""
  },
  "schemaVersion": "1.0.0.0"
}