{
  "properties": {
    "connectionReferences": {},
    "definition": {
      "$schema": "https://schema.management.azure.com/providers/Microsoft.Logic/schemas/2016-06-01/workflowdefinition.json#",
      "contentVersion": "1.0.0.0",
      "parameters": {
        "$authentication": {
          "defaultValue": {},
          "type": "SecureObject"
        }
      },
      "triggers": {
        "Recurrence": {
          "recurrence": {
            "frequency": "Day",
            "interval": 1,
            "startTime": "2025-07-19T01:30:00Z"
          },
          "metadata": {
            "operationMetadataId": "7a4e96eb-2b42-41f8-a39e-3b63316d54cc"
          },
          "type": "Recurrence"
        }
      },
      "actions": {
        "Run_a_Child_Flow": {
          "runAfter": {},
          "metadata": {
            "operationMetadataId": "5e86cb22-6651-42f6-8a99-fa372d9c6a6b"
          },
          "type": "Workflow",
          "inputs": {
            "host": {
              "workflowReferenceName": "00024db9-ec63-f011-bec1-6045bd29b6ea"
            }
          }
        }
      }
    },
    "templateName": null
  },
  "schemaVersion": "1.0.0.0"
}