{"swagger":"2.0","info":{"title":"Default title","description":"Connect to FreecurrencyAPI to get exchange rate","version":"1.0"},"host":"api.freecurrencyapi.com","basePath":"/v1","schemes":["https"],"consumes":[],"produces":[],"paths":{"/latest":{"get":{"responses":{"default":{"description":"default","schema":{}}},"summary":"Get Latest Exchange Rates","description":"Get Latest Exchange Rates","operationId":"latest","parameters":[{"name":"currencies","in":"query","required":false,"type":"string"},{"name":"base_currency","in":"query","required":false,"type":"string"}]}}},"definitions":{},"parameters":{},"responses":{},"securityDefinitions":{"api_key":{"type":"apiKey","in":"query","name":"apikey"}},"security":[],"tags":[]}